{
    "eng_plate_temp": [
        "100"
    ],
    "eng_plate_temp_initial_layer": [
        "90"
    ],
    "fan_max_speed": [
        "50"
    ],
    "fan_min_speed": [
        "20"
    ],
    "filament_settings_id": [
        "Fiberlogy PCTG"
    ],
    "from": "User",
    "hot_plate_temp": [
        "100"
    ],
    "hot_plate_temp_initial_layer": [
        "90"
    ],
    "inherits": "Generic PETG",
    "is_custom_defined": "0",
    "name": "Fiberlogy PCTG",
    "nozzle_temperature": [
        "270"
    ],
    "nozzle_temperature_initial_layer": [
        "270"
    ],
    "nozzle_temperature_range_low": [
        "250"
    ],
    "textured_plate_temp": [
        "100"
    ],
    "textured_plate_temp_initial_layer": [
        "90"
    ],
    "version": "1.5.0.19"
}
