{
    "compatible_printers": [
        "Bambu Lab X1 Carbon 0.4 nozzle",
        "Bambu Lab X1 Carbon 0.6 nozzle",
        "Bambu Lab X1 Carbon 0.8 nozzle",
        "Bambu Lab P1S 0.4 nozzle",
        "Bambu Lab P1S 0.6 nozzle",
        "Bambu Lab P1S 0.8 nozzle"
    ],
    "filament_cost": [
        "110"
    ],
    "filament_max_volumetric_speed": [
        "5"
    ],
    "filament_retraction_length": [
        "nil"
    ],
    "filament_settings_id": [
        "P1S eSUN TPU-95A Filament"
    ],
    "filament_start_gcode": [
        "; filament start gcode\n{if (bed_temperature[current_extruder] >35)||(bed_temperature_initial_layer[current_extruder] >35)}M106 P3 S255\n{elsif (bed_temperature[current_extruder] >30)||(bed_temperature_initial_layer[current_extruder] >30)}M106 P3 S180\n{endif} \n\n{if activate_air_filtration[current_extruder] && support_air_filtration}\nM106 P3 S{during_print_exhaust_fan_speed_num[current_extruder]} \n{endif}"
    ],
    "from": "User",
    "hot_plate_temp": [
        "45"
    ],
    "hot_plate_temp_initial_layer": [
        "45"
    ],
    "inherits": "Bambu TPU 95A @BBL X1C",
    "is_custom_defined": "0",
    "name": "P1S eSUN TPU-95A Filament",
    "nozzle_temperature": [
        "220"
    ],
    "nozzle_temperature_initial_layer": [
        "220"
    ],
    "slow_down_for_layer_cooling": [
        "0"
    ],
    "temperature_vitrification": [
        "35"
    ],
    "textured_plate_temp": [
        "45"
    ],
    "textured_plate_temp_initial_layer": [
        "45"
    ],
    "version": "1.7.0.12"
}
