{
    "eng_plate_temp": [
        "95"
    ],
    "eng_plate_temp_initial_layer": [
        "95"
    ],
    "filament_max_volumetric_speed": [
        "7"
    ],
    "filament_settings_id": [
        "PA12"
    ],
    "from": "User",
    "hot_plate_temp": [
        "95"
    ],
    "hot_plate_temp_initial_layer": [
        "95"
    ],
    "inherits": "Generic PA",
    "is_custom_defined": "0",
    "name": "PA12",
    "textured_plate_temp": [
        "95"
    ],
    "textured_plate_temp_initial_layer": [
        "95"
    ],
    "version": "1.10.0.32"
}
