{
    "default_filament_colour": [
        "#00FF00"
    ],
    "eng_plate_temp": [
        "95"
    ],
    "eng_plate_temp_initial_layer": [
        "95"
    ],
    "fan_cooling_layer_time": [
        "15"
    ],
    "fan_max_speed": [
        "25"
    ],
    "fan_min_speed": [
        "0"
    ],
    "filament_cost": [
        "200"
    ],
    "filament_max_volumetric_speed": [
        "4"
    ],
    "filament_retraction_length": [
        "2"
    ],
    "filament_retraction_speed": [
        "40"
    ],
    "filament_settings_id": [
        "PA12+GF15 - nylon+w.szkalne"
    ],
    "from": "User",
    "hot_plate_temp": [
        "95"
    ],
    "hot_plate_temp_initial_layer": [
        "95"
    ],
    "inherits": "Generic PA",
    "is_custom_defined": "0",
    "name": "PA12+GF15 - nylon+w.szkalne",
    "nozzle_temperature": [
        "270"
    ],
    "nozzle_temperature_initial_layer": [
        "270"
    ],
    "nozzle_temperature_range_low": [
        "250"
    ],
    "overhang_fan_speed": [
        "40"
    ],
    "slow_down_layer_time": [
        "2"
    ],
    "slow_down_min_speed": [
        "35"
    ],
    "textured_plate_temp": [
        "95"
    ],
    "textured_plate_temp_initial_layer": [
        "95"
    ],
    "version": "1.10.0.32"
}
