{
    "default_filament_colour": [
        "#C0C0C0"
    ],
    "fan_max_speed": [
        "35"
    ],
    "filament_max_volumetric_speed": [
        "8"
    ],
    "filament_settings_id": [
        "PCTG"
    ],
    "from": "User",
    "hot_plate_temp": [
        "80"
    ],
    "hot_plate_temp_initial_layer": [
        "80"
    ],
    "inherits": "Generic PCTG @BBL X1C",
    "is_custom_defined": "0",
    "name": "PCTG",
    "nozzle_temperature": [
        "270"
    ],
    "nozzle_temperature_initial_layer": [
        "270"
    ],
    "overhang_fan_speed": [
        "75"
    ],
    "slow_down_min_speed": [
        "20"
    ],
    "temperature_vitrification": [
        "70"
    ],
    "textured_plate_temp": [
        "80"
    ],
    "textured_plate_temp_initial_layer": [
        "80"
    ],
    "version": "1.10.0.32"
}
