{
    "filament_retraction_length": [
        "0.8"
    ],
    "filament_retraction_speed": [
        "30"
    ],
    "filament_settings_id": [
        "PETG Sunlu slow"
    ],
    "from": "User",
    "hot_plate_temp": [
        "60"
    ],
    "hot_plate_temp_initial_layer": [
        "60"
    ],
    "inherits": "Generic PETG",
    "is_custom_defined": "0",
    "name": "PETG Sunlu slow",
    "nozzle_temperature": [
        "240"
    ],
    "nozzle_temperature_initial_layer": [
        "240"
    ],
    "supertack_plate_temp": [
        "60"
    ],
    "supertack_plate_temp_initial_layer": [
        "60"
    ],
    "version": "1.10.0.32"
}
