{
    "filament_max_volumetric_speed": [
        "10"
    ],
    "filament_retraction_length": [
        "0.8"
    ],
    "filament_retraction_speed": [
        "30"
    ],
    "filament_settings_id": [
        "Sunlu PETG"
    ],
    "from": "User",
    "inherits": "Generic PETG",
    "is_custom_defined": "0",
    "name": "Sunlu PETG",
    "nozzle_temperature": [
        "250"
    ],
    "nozzle_temperature_initial_layer": [
        "250"
    ],
    "version": "1.10.0.32"
}
