{
    "bottom_shell_layers": "5",
    "bridge_speed": "30",
    "compatible_printers": [
        "Bambu Lab X1 Carbon 0.4 nozzle",
        "Bambu Lab X1 0.4 nozzle",
        "Bambu Lab P1S 0.4 nozzle"
    ],
    "default_acceleration": "5000",
    "from": "User",
    "gap_infill_speed": "30",
    "inherits": "0.20mm Standard @BBL X1C",
    "initial_layer_acceleration": "5000",
    "initial_layer_infill_speed": "30",
    "initial_layer_speed": "30",
    "inner_wall_speed": "30",
    "internal_solid_infill_speed": "30",
    "is_custom_defined": "0",
    "name": "0.20mm TPU",
    "outer_wall_speed": "30",
    "overhang_2_4_speed": "30",
    "overhang_4_4_speed": "30",
    "print_settings_id": "0.20mm TPU",
    "sparse_infill_speed": "30",
    "support_base_pattern_spacing": "2",
    "support_interface_spacing": "0.2",
    "support_interface_speed": "30",
    "support_interface_top_layers": "3",
    "support_object_xy_distance": "0.5",
    "support_speed": "30",
    "support_top_z_distance": "0.35",
    "top_shell_thickness": "0.6",
    "top_surface_acceleration": "5000",
    "top_surface_speed": "30",
    "travel_speed": "400",
    "tree_support_wall_count": "1",
    "version": "1.5.0.19",
    "wall_generator": "arachne",
    "wall_loops": "4"
}
