{
    "bridge_speed": "75",
    "compatible_printers": [
        "Bambu Lab X1 Carbon 0.4 nozzle",
        "Bambu Lab X1 0.4 nozzle",
        "Bambu Lab P1S 0.4 nozzle"
    ],
    "enable_support": "1",
    "from": "User",
    "inherits": "0.20mm Standard @BBL X1C",
    "is_custom_defined": "0",
    "name": "0.20mm TPU @BBL X1C -",
    "overhang_2_4_speed": "30",
    "overhang_3_4_speed": "20",
    "print_settings_id": "0.20mm TPU @BBL X1C -",
    "support_base_pattern_spacing": "2",
    "support_object_xy_distance": "0.5",
    "support_top_z_distance": "0.35",
    "top_shell_layers": "3",
    "top_shell_thickness": "0.6",
    "tree_support_wall_count": "1",
    "version": "1.5.0.19",
    "wall_generator": "arachne",
    "wall_loops": "3"
}
