{
    "compatible_printers": [
        "Bambu Lab X1 Carbon 0.4 nozzle",
        "Bambu Lab X1 0.4 nozzle",
        "Bambu Lab P1S 0.4 nozzle"
    ],
    "from": "User",
    "inherits": "0.20mm Standard @BBL X1C",
    "initial_layer_infill_speed": "50",
    "inner_wall_speed": "150",
    "internal_solid_infill_speed": "150",
    "is_custom_defined": "0",
    "name": "P1S eSUN TPU-95A Process",
    "outer_wall_speed": "80",
    "print_settings_id": "P1S eSUN TPU-95A Process",
    "sparse_infill_speed": "150",
    "top_shell_layers": "3",
    "top_shell_thickness": "0.6",
    "top_surface_speed": "150",
    "tree_support_wall_count": "1",
    "version": "1.7.0.12"
}
