{
    "dismissed": [],
    "installed": {
        "CalibrationShapes": {
            "filename": "C:\\Users\\monks\\AppData\\Local\\cura\\4.12\\cache\\cura_packages\\CalibrationShapes.curapackage",
            "package_info": {
                "author": {
                    "author_id": "5axes",
                    "display_name": "5axes",
                    "email": "cuq@free.fr",
                    "website": "https://github.com/5axes"
                },
                "description": "This plugin adds a menu to create some basic shapes to the scene (cube, cylinder, tube, sphere) and standard test parts. \n\nYou can add standard test / calibration part :\n- Calibration Cube XYZ\n- PLA TempTower 220 - 180\u00b0C\n- PLA TempTower 220 - 190\u00b0C\n- PLA+ TempTower 230 - 200\u00b0C\n- ABS TempTower 250 - 210\u00b0C\n- PETG TempTower 260 - 230\u00b0C\n- PC TempTower 290 - 250\u00b0C\n- Acceleration Tower\n- Retract Tower\n- A XY calibration Test\n- Retract Test part\n- Bridge Spiral Test\n- Thin Wall Test\n- Overhang Test\n- Flow Tower Test\n- Flow Test\n- Max Flow Test\n- Multi Flow Test\n- Tolerance Test\n- Support Test\n- Lithophane Test\n- Dimensional Accuracy Test\n- Linear Pressure Advance Tower\n- Bed Level Calibration Test\n\nAnd Multi-Extruder part :\n- Extruder Offset Calibration\n- Calibration Cube bi-color\n- Cube bi-color\n\n+ 7 postprocessing scripts",
                "display_name": "Calibration Shapes",
                "is_active": false,
                "is_bundled": false,
                "is_installed": true,
                "package_id": "CalibrationShapes",
                "package_type": "plugin",
                "package_version": "2.2.4",
                "sdk_version": 7,
                "sdk_version_semver": "7.8.0",
                "website": "https://github.com/5axes/Calibration-Shapes"
            }
        }
    },
    "to_install": {},
    "to_remove": [],
    "version": 1
}